"","replication","_","A","B","C","D","E","F","G","H","I","J","AB","AC","AD","AE","AF","AG","AH","AI","AJ","BC","BD","BE","BF","BG","BH","BI","BJ","CD","CE","CF","CG","CH","CI","CJ","DE","DF","DG","DH","DI","DJ","EF","EG","EH","EI","EJ","FG","FH","FI","FJ","GH","GI","GJ","HI","HJ","IJ","ABC","ABD","ABE","ABF","ABG","ABH","ABI","ABJ","ACD","ACE","ACF","ACG","ACH","ACI","ACJ","ADE","ADF","ADG","ADH","ADI","ADJ","AEF","AEG","AEH","AEI","AEJ","AFG","AFH","AFI","AFJ","AGH","AGI","AGJ","AHI","AHJ","AIJ","BCD","BCE","BCF","BCG","BCH","BCI","BCJ","BDE","BDF","BDG","BDH","BDI","BDJ","BEF","BEG","BEH","BEI","BEJ","BFG","BFH","BFI","BFJ","BGH","BGI","BGJ","BHI","BHJ","BIJ","CDE","CDF","CDG","CDH","CDI","CDJ","CEF","CEG","CEH","CEI","CEJ","CFG","CFH","CFI","CFJ","CGH","CGI","CGJ","CHI","CHJ","CIJ","DEF","DEG","DEH","DEI","DEJ","DFG","DFH","DFI","DFJ","DGH","DGI","DGJ","DHI","DHJ","DIJ","EFG","EFH","EFI","EFJ","EGH","EGI","EGJ","EHI","EHJ","EIJ","FGH","FGI","FGJ","FHI","FHJ","FIJ","GHI","GHJ","GIJ","HIJ","most_likely"
"1","1","0","0.582927554080329","4.5816946604446e-10","2.59999249564183e-06","3.0207972364756e-06","2.67691418945498e-06","5.79709233004536e-10","1.24839384832531e-05","4.55641767947762e-10","3.33041675139397e-08","2.20909483264575e-08","0.00524136384001406","0.00545543858019793","0.00593126947352616","0.00553112962145202","0.00574464265639882","0.0145087958510646","0.00522721733899866","0.0120500103389302","0.133542929247419","6.99538413299588e-08","7.48318766372444e-08","7.16927192194892e-08","2.07786265609663e-10","1.9101371537691e-07","1.87019094159921e-10","6.50693355002377e-09","4.73267984866195e-09","1.16337906817545e-06","1.09691656995229e-06","7.00961620481626e-08","2.82493192183789e-06","6.96081800202634e-08","6.35358647685794e-07","3.00946254303905e-06","1.18114507622059e-06","7.35525751051834e-08","2.98548163281704e-06","7.46199266348074e-08","6.45026300650155e-07","1.94895594905354e-06","7.03901591983413e-08","2.84000545394092e-06","7.15533221618388e-08","6.21670376728348e-07","1.71474525671342e-06","1.82258798461958e-07","2.0728888567207e-10","6.46480783306271e-09","4.50046137709216e-09","1.89705654257615e-07","3.09110641027662e-06","3.97918744566566e-06","6.49022059834692e-09","4.71131596855207e-09","1.74243798482332e-07","0.000301802610360099","0.000317357408258014","0.000308483354206684","0.000243377576293235","0.000547967913609738","0.000239905145023223","0.000503926901449861","0.00488564004801419","0.000364683154403792","0.000350807831214081","0.000303309419954193","0.000695519534484451","0.00030013322012653","0.000700755456741953","0.0157274783908477","0.000372140528853063","0.000318009022889232","0.000818994346116568","0.000316366986793105","0.000736337012813856","0.00978569887785888","0.000309283336670942","0.000695292570777239","0.000307864135950225","0.000639023156191178","0.00851498952499588","0.000542281026252234","0.000242780937805759","0.000534857403279002","0.00479856666024166","0.000543056459323558","0.00838591682149489","0.0157968898297477","0.00049284942120517","0.00472030105261372","0.139089301552279","6.3193007095478e-08","6.18737591276448e-08","2.07237715601569e-09","1.10812805417804e-07","2.12801446443411e-09","2.20588996211014e-08","5.13444533882034e-08","6.40455772882342e-08","2.14512076386304e-09","1.13953093830563e-07","2.21673313627422e-09","2.22347616503124e-08","3.71017179006416e-08","2.09872977237748e-09","1.11746076335679e-07","2.17095067972786e-09","2.1885836227486e-08","3.38771895947261e-08","4.0252203541311e-09","2.58466672556606e-11","5.48994868532956e-10","3.7981911997192e-10","4.17704729692062e-09","5.61810073379263e-08","6.21754539683069e-08","4.66063048997974e-10","3.75080794284679e-10","4.64127612159186e-08","1.7519526534023e-07","6.06135113991643e-08","3.21619679659947e-07","6.29459924010086e-08","1.62825396027825e-07","2.17758103406938e-06","5.92598911852193e-08","2.98814634937156e-07","6.16637287391764e-08","1.5110165569773e-07","2.0580374165485e-06","1.0528259376717e-07","2.06613119763928e-09","2.99603211586088e-08","5.12298382006651e-08","1.10058708728794e-07","1.25548274651049e-06","3.1561751533509e-06","2.16951962482539e-08","5.08753482054828e-08","3.83263585211187e-06","6.07465648827981e-08","3.23273640598088e-07","6.39038143736886e-08","1.55787067937606e-07","1.51530396668973e-06","1.07644519108325e-07","2.14058957087044e-09","3.01206935572693e-08","3.74194197828339e-08","1.13275166192813e-07","1.26250630242107e-06","2.55089223255368e-06","2.18725374188896e-08","3.66284618893195e-08","3.82281284505831e-06","1.05413081353976e-07","2.09511607022961e-09","2.97806583706784e-08","3.42915184582094e-08","1.11109103027208e-07","1.24861319057264e-06","2.416510452992e-06","2.15244333138634e-08","3.34036835334882e-08","3.81934409107622e-06","4.00812583590011e-09","6.40702514445365e-08","6.19007914469987e-08","5.44922781611634e-10","3.7453378003989e-10","4.33753433385012e-08","5.577719211167e-08","6.16395854580799e-08","4.33555150726278e-06","4.64076948199332e-08","A"
"2","2","0","0.6487287354877","2.53252285666493e-13","1.8021908834704e-09","1.84547477597476e-09","1.81211060056885e-09","2.44834310160871e-13","7.43174545050182e-08","2.45748297655784e-13","4.1511550518454e-11","3.5212308542454e-12","0.00335791826196803","0.00335356155261928","0.00341555986777395","0.00337349493110095","0.00320656661862647","0.0884405845720934","0.00329198398279967","0.0125096952599485","0.0308030478230979","2.2152453405181e-11","2.23444230314419e-11","2.19595354369616e-11","8.95969997317364e-14","6.91766385817259e-10","8.99512608437575e-14","7.82489509872233e-12","7.0884727577498e-13","6.67894240339545e-10","6.60859530009424e-10","2.12397288373876e-11","1.45568773383329e-08","2.16701010948909e-11","8.38891494930115e-10","2.43271524228946e-10","6.68470290340643e-10","2.14258070773941e-11","1.45419495327228e-08","2.18705248886512e-11","8.53115781337491e-10","2.32712955817477e-10","2.10548698941848e-11","1.45207875980321e-08","2.14870485173235e-11","8.17301752644793e-10","2.28809776005763e-10","6.62995436948793e-10","8.81912965197168e-14","7.75564778984839e-12","7.10116318194937e-13","6.86969100175211e-10","3.19929531365069e-08","4.06134723395577e-09","7.66545181408983e-12","7.07418059527205e-13","8.51391605338594e-11","8.59614477453489e-05","8.66237870216667e-05","8.49075876983477e-05","7.45138315248208e-05","0.00230272078272902","7.39696611392174e-05","0.000482071051160637","0.000794088884442662","9.67946141458376e-05","9.44851080237991e-05","8.44149923946128e-05","0.00273452924512211","8.39108035491389e-05","0.000587035016216079","0.00107805877551296","9.52622146819887e-05","8.50803385731787e-05","0.00269984604038085","8.46001812692946e-05","0.000642897988043339","0.00102354251707056","8.33757722522583e-05","0.00266160140063664","8.28983377338745e-05","0.000502558615143269","0.00100716659595738","0.00228448806396299","7.2911626154449e-05","0.000445624396902465","0.000793020289785431","0.00228238686276992","0.106966713860491","0.0176295851266458","0.00039034089696673","0.000792251848688052","0.0501483748450986","1.55370729818018e-11","1.5358848669047e-11","4.27960418334667e-13","3.0771206780452e-10","4.35589343695102e-13","2.38592130287434e-11","3.89328243333755e-12","1.54192452567157e-11","4.29578532681511e-13","3.07997774635837e-10","4.37332998101562e-13","2.40572603227147e-11","3.78479065501737e-12","4.23656746328462e-13","3.07870305434173e-10","4.31311338309985e-13","2.36585916637418e-11","3.7396874926532e-12","1.0413791028246e-11","5.05729181386909e-15","4.38097675246884e-13","4.29037306552135e-14","1.05966065203238e-11","3.6997180120164e-10","4.60116212747835e-11","4.1038422197893e-13","4.19019569950773e-14","2.06783367407678e-11","4.56437135172751e-11","1.47563579909624e-11","1.00518009621914e-09","1.51786411173552e-11","1.58854232562095e-10","1.79307018210463e-10","1.45850317369774e-11","1.00104165233648e-09","1.50010885468211e-11","1.40516309693445e-10","1.77334933581168e-10","2.93188556929656e-10","4.20493989440154e-13","2.25718482281882e-11","3.98856539815345e-12","3.05158017326672e-10","1.60099265259252e-08","2.07773522214755e-09","1.98038280959462e-11","3.88522058587458e-12","1.99901633667296e-09","1.46425927069249e-11","9.96005504945253e-10","1.50657620814575e-11","1.47846631759783e-10","1.71937558222026e-10","2.9347101230283e-10","4.22208684371504e-13","2.27665989048751e-11","3.88017969677357e-12","3.05444928401746e-10","1.60428495868429e-08","2.07502543284584e-09","1.99941832829205e-11","3.7768240651172e-12","2.0032401012258e-09","2.93350437396673e-10","4.16293571927947e-13","2.23677571358621e-11","3.83522777049058e-12","3.05317398987894e-10","1.60304005965819e-08","2.07354541726865e-09","1.95936894420035e-11","3.73172842927651e-12","2.00375479500748e-09","1.03632504230749e-11","3.68063496332319e-10","4.58499139178066e-11","3.96688477686036e-13","4.28167125775917e-14","2.06166549992148e-11","3.65814089418865e-10","4.59604710212106e-11","2.41106844895616e-09","2.06369201636858e-11","A"
"3","3","0","0.685917217792425","3.60096997579438e-10","1.88359547174278e-06","2.09208477864968e-06","1.96444071745859e-06","3.669281394054e-10","7.11563934257982e-06","3.59338043596681e-10","4.70635768759794e-08","4.28011477068279e-09","0.010135049027285","0.0101788611120425","0.0108508522898796","0.0104692919862332","0.00983310829461249","0.0227918890591613","0.0101270784086443","0.021191042640892","0.0496365382075883","4.66822665764716e-08","5.02573410153695e-08","4.7581250607087e-08","1.45062680018178e-10","1.43848872058476e-07","1.44958503050187e-10","9.62337288404819e-09","9.96781353186811e-10","8.04936226493233e-07","7.75049851818455e-07","4.48708939685647e-08","1.78785717992903e-06","4.66358971131504e-08","9.00503070240889e-07","3.340039513976e-07","8.18754956886712e-07","4.81673297172686e-08","1.83578813823165e-06","5.02075301875813e-08","9.84297580554721e-07","3.21990447955247e-07","4.55854218803976e-08","1.7904817667852e-06","4.7534372818143e-08","8.80569223269943e-07","2.96795573118436e-07","1.3470367727545e-07","1.4491027168542e-10","9.72004752182584e-09","9.93339671016247e-10","1.43307576435672e-07","2.34050424255101e-06","4.93633507756734e-07","9.61419697114777e-09","9.9669255505456e-10","1.01159421917804e-07","0.000620175660515228","0.000656911056198063","0.000625305209674068","0.000550820059977146","0.00130944561779874","0.000553776311327866","0.00137007858618557","0.00359055148981217","0.000714884056313405","0.000672947445529446","0.000611800322936117","0.00144980759242749","0.000619551196557946","0.00170491452771264","0.00478908721181246","0.000713438994413858","0.00064789667994941","0.00150344636461099","0.000656236954935027","0.00266391427073365","0.00453142695350752","0.000616525777787044","0.00139142387692066","0.000624677539280088","0.00152261252765306","0.00421210350286915","0.00128131184251335","0.000550314400745799","0.00138823201493575","0.00358732206671166","0.00130387624546593","0.0128123653705721","0.0055665689910094","0.00136270786270152","0.00359128772099147","0.0884552672466601","4.28085915001683e-08","4.13641461182692e-08","1.82929680477742e-09","8.83134539358483e-08","1.88036414996474e-09","4.63159467995831e-08","1.14603600200931e-08","4.3190542289961e-08","1.94571290352751e-09","9.02845882037771e-08","2.00043336257418e-09","4.89355215651113e-08","1.11828764998772e-08","1.85104043329707e-09","8.84328901242054e-08","1.9043939729734e-09","4.56668353121616e-08","1.0428056792952e-08","4.83509420155172e-09","1.92893688715767e-11","1.03001377619109e-09","1.20879207647411e-10","4.97556553959162e-09","8.74443187858096e-08","1.5856637044418e-08","9.51952195928922e-10","1.18093434310383e-10","2.81688593098835e-08","1.12179189433432e-07","4.06457117240244e-08","2.14666520542456e-07","4.27705687435752e-08","2.14155978619838e-07","2.71743131121162e-07","3.92462531597522e-08","2.05881149134858e-07","4.13276915462228e-08","1.57503667438569e-07","2.58085173955694e-07","8.28124557099224e-08","1.82786364422435e-09","5.44502801656491e-08","1.18141749866581e-08","8.80240844917548e-08","8.94658138898507e-07","3.55908576808539e-07","4.60902248067333e-08","1.14605099761519e-08","2.36355652488728e-06","4.09359961542391e-08","2.11560732318622e-07","4.3152234871019e-08","2.03119273694454e-07","2.51579480302614e-07","8.46408470596841e-08","1.94418617928948e-09","5.70535834279881e-08","1.15354638600629e-08","8.99932871223167e-08","9.42277351263112e-07","3.49193757994196e-07","4.87096979071369e-08","1.11829324156957e-08","2.36578063248471e-06","8.2837150168683e-08","1.8495905933095e-09","5.38021141638862e-08","1.0785533610223e-08","8.81432258512507e-08","8.82886374789382e-07","3.34614572468856e-07","4.54410879030306e-08","1.0428189593021e-08","2.36186758250565e-06","4.8215123763148e-09","9.56439465781374e-08","1.61236325362194e-08","1.02745237103281e-09","1.20881074155558e-10","2.75554221146773e-08","8.71965405441821e-08","1.58447079128626e-08","2.50741527879587e-06","2.8166317681769e-08","A"
"4","4","0","0.288966386639246","2.11878699688267e-07","0.000426587166806798","0.000439063985586034","0.000444629697289939","1.7269454220085e-07","0.00315644988931149","2.11397794125274e-07","1.00326780616825e-05","3.5099011391624e-07","0.0202388434856371","0.0238760372965861","0.0242704907172814","0.0244061005699187","0.0184521273937548","0.0787420463379321","0.020225563089607","0.0360039151186009","0.0234275125096301","4.09634892523093e-05","4.19863778791511e-05","4.22010213358953e-05","1.13503966564776e-07","0.000258856549319228","1.30238768160309e-07","3.15942003178421e-06","1.80083077896056e-07","0.000266686787885926","0.000267788659323446","3.65990049403695e-05","0.000948692684526032","4.09292376368714e-05","0.000201145531634505","5.13303196078222e-05","0.000272293868266601","3.75138605368549e-05","0.000948563486220154","4.19537186102009e-05","0.000203807934961796","5.22386158683955e-05","3.7677516574087e-05","0.000950842433114082","4.21682084903802e-05","0.000200295768252562","5.21057963887788e-05","0.000224100976425447","1.13370037001922e-07","2.73693595389309e-06","1.73715033846093e-07","0.00025858741851389","0.00140564614134095","0.000249484175718627","3.15306074955512e-06","1.79948524744149e-07","4.71174113238468e-06","0.00555682301565463","0.00566975035330554","0.00566630816901199","0.00415181536484033","0.0180679125831493","0.00424321922175641","0.00786685458226336","0.00600286471204725","0.0064670696986008","0.00645744668804646","0.00529414358998666","0.018509776479669","0.00555179423995316","0.00928154111316968","0.00772835037718809","0.00658241391106678","0.0054029857263502","0.0183910350889259","0.00566493057105982","0.00974013069387616","0.00780501269447068","0.00539749240578915","0.0183895266114087","0.00566148942138734","0.0091897184933763","0.00778189046553038","0.0168913963394289","0.00414820039882841","0.00759821884310637","0.00592987581686692","0.0180446191244223","0.0931701019955031","0.0197172496203679","0.00782807853656278","0.00599919128994498","0.0261619083920127","4.94524944936963e-05","4.95817574633914e-05","4.51150154082292e-06","0.000168666852558471","4.82355851157948e-06","3.53801000774978e-05","6.14709751293935e-06","5.03281961491361e-05","4.62389937881033e-06","0.000168906141012376","4.94137548052267e-06","3.56151005120544e-05","6.28195390278379e-06","4.64387039446653e-06","0.000169282985570475","4.96410733804272e-06","3.5189349901045e-05","6.24226193857524e-06","2.52423918114495e-05","4.76881163942996e-08","8.82245204287291e-07","6.77355296030541e-08","2.68271786947361e-05","0.000157251280173879","2.7673015770556e-05","9.72265888522933e-07","6.96581414828883e-08","1.83620813840363e-06","0.000116295627367863","4.48665244849019e-05","0.000307517380870336","4.94180448453196e-05","0.000106172393693047","6.05148529037243e-05","4.49672020061023e-05","0.000308153963814389","4.95471744458926e-05","0.000103637143678429","6.03562608516419e-05","0.000150730079747634","4.5081152786064e-06","3.32534000986326e-05","6.13336857634436e-06","0.000168506922773679","0.000752934683448362","0.00017167572461594","3.52444273069668e-05","6.14369761069898e-06","8.12213992680866e-05","4.56551846014997e-05","0.000307849655892736","5.02947366654535e-05","0.000105399467091364","6.10850826888091e-05","0.000150899838432573","4.62069498357843e-06","3.34812733681362e-05","6.2635575521028e-06","0.000168747585333691","0.000754435918618167","0.00017189129761505","3.5479609608508e-05","6.27873586752805e-06","8.14720766367179e-05","0.000151240552083059","4.64063669844267e-06","3.30574040700455e-05","6.2217766435014e-06","0.000169124268232248","0.000751550813105969","0.000171918941396713","3.50538347485673e-05","6.23901409734146e-06","8.09885448639486e-05","2.52192906629135e-05","0.000152465640423408","2.65512763753371e-05","8.79920843186558e-07","6.76962277056386e-08","1.68049792024845e-06","0.000157060699739946","2.76498964353215e-05","0.000213468272704365","1.83388365100638e-06","A"
"5","5","0","0.0355630923773973","1.89655778608222e-13","2.64928230718389e-09","2.0334212937726e-09","8.02287057003749e-10","5.71178289262535e-13","1.39271247182835e-09","1.88475728619019e-13","5.16074940849801e-10","7.71250979743587e-11","0.000493037100461002","0.00137654821959076","0.00135344467108153","0.000596760590523399","0.00105440523874487","0.00087282388123178","0.000490937889415528","0.0273266873903896","0.14130861226339","3.2177417337801e-11","2.33601288285888e-11","1.26783952287824e-11","1.37570097360222e-13","1.87333477692979e-11","6.99339983981974e-14","1.01964419809738e-10","1.45800246036667e-11","8.98684418824047e-10","6.49796695092255e-10","4.34786798603104e-11","7.68111125884225e-10","3.21177883689662e-11","1.07508336713825e-08","4.91547039416763e-09","5.27551853862897e-10","3.05022540645319e-11","6.35599761008796e-10","2.33237951546118e-11","1.19068902345908e-08","2.67772226570835e-09","2.01692469751403e-11","4.04810713319472e-10","1.26425121949966e-11","9.9698532621032e-09","2.58808038415233e-09","2.62443166112706e-11","1.37350967839937e-13","1.16544876726124e-10","1.47193705286133e-11","1.86922812952272e-11","1.10748946992671e-08","2.85427234623687e-09","1.01873532798553e-10","1.4579737832636e-11","5.48025721963925e-09","4.80680486955171e-05","4.04110425611938e-05","2.22258988662941e-05","2.08327930698421e-05","2.86469099395071e-05","1.82998408622511e-05","0.00166757606705336","0.00413359376563791","8.55252149939053e-05","5.41064728581956e-05","5.25876603861788e-05","6.54947425199437e-05","4.79684329378663e-05","0.00336957413081089","0.00963417582149539","4.54663546063216e-05","4.31263474497981e-05","5.20696991428006e-05","4.03525527824733e-05","0.00524098803985348","0.00478459329582024","2.50575751271645e-05","3.21708026704787e-05","2.21686819807093e-05","0.00225386592455742","0.00463026586906125","3.14735873252034e-05","2.07807672369029e-05","0.00196478007340302","0.00413765400082219","2.85853114075689e-05","0.0031273190264841","0.00474252399229179","0.00165717138882239","0.00413341694427671","0.733260059393239","2.27255778474561e-11","1.77110155132411e-11","1.01904570911241e-12","2.06672755400838e-11","8.80789931841113e-13","4.53111096605394e-10","1.08958752312367e-10","1.33293385163901e-11","7.01843797955254e-13","1.6025138215523e-11","6.02800387975396e-13","4.7867837699952e-10","6.201986732111e-11","4.8293137735528e-13","1.13382861718988e-11","3.80822596631338e-13","4.35181154050004e-10","6.0171970859545e-11","6.08670906314901e-13","7.25944707750645e-15","1.238683210319e-11","8.99036884138728e-13","5.06349304561688e-13","4.59730893204841e-10","6.36335128178531e-11","8.58448487562632e-12","8.70241258921482e-13","1.5070883159743e-09","6.54732460078213e-11","2.56259520220758e-11","7.32500321897284e-11","2.26961094288315e-11","2.92525094487054e-09","2.61231728845523e-09","2.07838533545112e-11","5.49531262113069e-11","1.76817896640974e-11","1.8986057560078e-09","2.56560181319013e-09","2.3748386617782e-11","1.01776521177498e-12","8.23998651297637e-10","1.1179846686738e-10","2.06348747259569e-11","2.47192219552134e-09","2.73395112195823e-09","4.50767767611374e-10","1.08955155815531e-10","1.39593379039467e-07","1.43059092313128e-11","4.15102835053338e-11","1.33124157913169e-11","2.51108851180539e-09","1.38437660288221e-09","1.69991506309872e-11","7.01040219169407e-13","8.49519116860038e-10","6.48524794417224e-11","1.60055763344977e-11","3.09215461715479e-09","1.51766798496124e-09","4.7633170162475e-10","6.20172540392359e-11","1.39667706502762e-07","1.2485284047919e-11","4.82137063375994e-13","8.06037211364675e-10","6.30087745807872e-11","1.13189830316532e-11","2.05048893955647e-09","1.47053176268972e-09","4.32839377500661e-10","6.01693834517489e-11","1.39442357221223e-07","6.07800755682633e-13","8.32130080529119e-10","6.64778243340503e-11","1.23617752148577e-11","8.99006495573205e-13","1.50704526150857e-09","4.57365312503775e-10","6.36304812383853e-11","1.40766756745426e-07","1.50705933700698e-09","AIJ"
"6","6","0","0.510693763234764","2.11787669907426e-08","7.74624176044281e-05","7.75281223279395e-05","7.82247920089357e-05","1.70284289803127e-08","0.00140251017596621","2.07779844518596e-08","2.54706227903759e-07","3.11982920523003e-08","0.0147778798919532","0.0154995703485856","0.0155068188323249","0.0155637632931368","0.0134212227632147","0.0948488023951107","0.0147171192473077","0.0222077909514358","0.0179171316175974","3.54496225476377e-06","3.55318855842062e-06","3.56663039575076e-06","8.84672833628365e-09","5.86506055932666e-05","9.80871133832806e-09","6.49266848753815e-08","1.3567304084385e-08","3.69613996640537e-05","3.71273724309121e-05","3.37226672553547e-06","0.000327978903569307","3.50923647903421e-06","1.0013160918982e-05","5.37755660984093e-06","3.71279353754528e-05","3.4687831368424e-06","0.000332004807597878","3.50741735693759e-06","1.0111094217449e-05","5.2463524286224e-06","3.76967177002154e-06","0.000333259667519401","3.53253046039505e-06","1.0019861556894e-05","5.28838275301013e-06","5.68716664287997e-05","8.75080527144183e-09","5.70306348457863e-08","1.23308875392704e-08","5.68458742273974e-05","0.000501662781498885","7.30342417651953e-05","6.46612874064926e-08","1.31236974197623e-08","9.28959415805502e-08","0.00130877185663532","0.00131165814458546","0.00131272405180315","0.00106193645764732","0.0103252486012332","0.00104303450076145","0.00209342761589722","0.00183563775863617","0.00150984758344114","0.00151486828176306","0.00132253928732147","0.0123367204597833","0.00129562257347068","0.00271484979318834","0.00221709424995877","0.00151356307640838","0.00136403289202596","0.0127846085368085","0.00129462384594036","0.00275026056826069","0.00215954910519744","0.0014894095401907","0.0129015408398669","0.0013002186395298","0.00270818374317894","0.00217277705310138","0.0111335501944852","0.00105094101504508","0.00234956095107782","0.00167773811797926","0.00988026482638341","0.11626494413463","0.0157006298704551","0.00205082106246093","0.00165909866532848","0.0124337700926508","3.47177147508389e-06","3.4788685095338e-06","1.82101938411657e-07","2.89227974500257e-05","1.86897817978813e-07","6.23759374913196e-07","2.77066123101032e-07","3.48256821055463e-06","1.85553296233247e-07","2.90714000591345e-05","1.87022786596662e-07","6.2840942895164e-07","2.72889651534933e-07","1.95601065028265e-07","2.91278543009572e-05","1.87712236175911e-07","6.26344825239324e-07","2.74176980020324e-07","2.47442580153204e-06","2.09639411689542e-09","1.04094182188023e-08","3.09944036252967e-09","2.4414574400143e-06","1.62749503747776e-05","2.99918352785167e-06","1.1213930103438e-08","3.16682831412828e-09","2.18033532096553e-08","9.1655059476714e-06","3.39489359303284e-06","6.89212312874744e-05","3.43268308903283e-06","7.54122965008176e-06","5.23290506017778e-06","3.56165024172713e-06","6.92665645765131e-05","3.44618669047469e-06","7.4936116709297e-06","5.25600299425862e-06","2.83416149811606e-05","1.80430005417114e-07","6.06544242011196e-07","2.72627864654665e-07","2.81072309321038e-05","0.000227789269301152","3.66220424369297e-05","6.18489874463179e-07","2.68296445062008e-07","1.46310684273348e-06","3.61490565567388e-06","7.03687657383074e-05","3.44433038699738e-06","7.54839367247374e-06","5.18329034869737e-06","2.85523479846882e-05","1.83562152635158e-07","6.14927222167878e-07","2.71497404721693e-07","2.82478294039875e-05","0.000228390562902277","3.66926391239171e-05","6.22711881697469e-07","2.63794482772794e-07","1.47562605943945e-06","2.88092817729236e-05","1.93978374316827e-07","6.24570528216329e-07","2.82219835046821e-07","2.83115994665664e-05","0.000228630254362964","3.67668986378287e-05","6.21049128816547e-07","2.65446941635095e-07","1.48216737052589e-06","2.42263398193431e-06","1.5914899404668e-05","2.99008207896996e-06","1.03463997636222e-08","2.98731436113688e-09","1.99912482344067e-08","1.62093980641987e-05","2.93843345378051e-06","1.76469715924161e-05","2.16317110120413e-08","A"
"7","7","0","0.901097299060487","5.76545537240116e-12","4.58117864110287e-08","4.68275123097073e-08","4.65911308052088e-08","5.40653090235036e-12","6.60412322631226e-08","5.7611700120261e-12","1.99341332845114e-10","4.11029787619857e-11","0.00522407931160861","0.00528962392597192","0.00536297088628374","0.00534641206233948","0.00495272666165704","0.00654137605372421","0.00522181043067737","0.00850148583048209","0.0239470335105881","6.06585711026014e-10","6.15150886509549e-10","6.10880299829252e-10","2.04704089819776e-12","7.90634467391931e-10","2.11686143936025e-12","3.78779957573271e-11","8.88755940821237e-12","1.71846717119315e-08","1.71210749227403e-08","5.83086259410967e-10","2.06600549237021e-08","6.06154508707905e-10","4.70893852629047e-09","5.11163396481308e-09","1.73126142520805e-08","5.89991646298389e-10","2.08318193696641e-08","6.14812050570021e-10","4.8226412397904e-09","3.00639199906816e-09","5.85963170584574e-10","2.07513518345569e-08","6.10596573241651e-10","4.46276081205268e-09","2.98607091812604e-09","7.5788285415763e-10","2.0462015049252e-12","3.7649915882614e-11","8.81477871717068e-12","7.90221953293923e-10","6.37480527194411e-09","3.55890271831126e-09","3.78445935492355e-11","8.88656118559316e-12","3.2576929127116e-10","0.000137733233953017","0.00013942057327967","0.000138350414643417","0.000120467435099936","0.000159852506570219","0.000121458755758467","0.000229908243479323","0.000596678433695887","0.000156284356357925","0.000154292073549049","0.000136320223241719","0.000180646997517302","0.000137622763743217","0.000359194904530675","0.00137074065817901","0.000156158375241649","0.000137874647716909","0.000180727510234674","0.000139335067646893","0.000386592424363934","0.000767515714147182","0.000136826792856367","0.000177456712394976","0.000138279903408627","0.000300202779480369","0.000762461944651294","0.000158118697131226","0.000120393120484446","0.000235778785067619","0.000595610419352457","0.000159757672481075","0.000649644595057683","0.000828860895360842","0.000228122204075737","0.000596517721296592","0.01751953724877","4.53834349719395e-10","4.51670128447493e-10","1.26514417565726e-11","5.27239170591019e-10","1.30433169022405e-11","1.1170470842207e-10","7.57214959262732e-11","4.55275850351646e-10","1.27661468647025e-11","5.30713507740118e-10","1.317358868572e-11","1.13110743230871e-10","5.24932585981088e-11","1.26912549794672e-11","5.28375151663347e-10","1.30969307860751e-11","1.08862300300191e-10","5.22234548837496e-11","1.52419861836883e-11","1.45121875509321e-13","2.0105418676908e-12","5.82669423102309e-13","1.57141063000019e-11","1.32045470209394e-10","5.87398334835489e-11","1.97010032429716e-12","5.74572566559329e-13","7.74020102361321e-11","1.33903341997221e-09","4.35224673879072e-10","1.5104391476391e-09","4.5351500804141e-10","1.46747200399537e-09","3.36099936339876e-09","4.33180821462516e-10","1.49360744995301e-09","4.51378759392886e-10","1.28373264812965e-09","3.35089458905414e-09","5.05077270115585e-10","1.26443553088946e-11","1.15662103222051e-10","7.66085370699016e-11","5.26882721153313e-10","2.2091565896268e-09","3.63623206540406e-09","1.10877635269061e-10","7.57104427098318e-11","7.31221976651964e-09","4.35960768835983e-10","1.49933225480831e-09","4.55031470527772e-10","1.34126645330055e-09","2.27904336799114e-09","5.07713861525915e-10","1.27600679688271e-11","1.17051218623915e-10","5.34717294703096e-11","5.30404704307653e-10","2.26794650589829e-09","2.54700641208398e-09","1.12283946221689e-10","5.248321293347e-11","7.29575884789689e-09","5.05498143161882e-10","1.26857740842449e-11","1.12824411935277e-10","5.32050752882517e-11","5.28094828361834e-10","2.08095086202024e-09","2.53636356029671e-09","1.08035831678263e-10","5.22140025551722e-11","7.2945403520636e-09","1.5235168416491e-11","1.35932321456502e-10","5.96589819446189e-11","2.00194642460478e-12","5.82560913038387e-13","7.67398471914887e-11","1.31202873295278e-10","5.87289855091414e-11","7.45166230889611e-09","7.73933751440168e-11","A"
"8","8","0","0.657799004062484","2.23929826709589e-11","3.21157582461213e-07","4.01857829116344e-07","3.25598964348141e-07","2.85294414805199e-11","7.61797593181701e-07","2.23708471307247e-11","1.02553813905957e-08","5.51224396592511e-10","0.00541724027884489","0.00573923542175628","0.00640871339976651","0.00578466564198054","0.00639184662659878","0.00789083769191533","0.00541380952200959","0.0169084683437215","0.0883202893622779","6.23769442185931e-09","7.18341757775619e-09","6.21979027014002e-09","1.01117886186026e-11","1.18475269632557e-08","8.923530313739e-12","1.93305856966023e-09","1.34596533010999e-10","1.63019542678451e-07","1.45102477987683e-07","6.58415812045127e-09","2.36983954820873e-07","6.23313321337963e-09","2.21116145113745e-07","1.38469326471744e-07","1.6388311731099e-07","7.48641905036053e-09","2.58846393627508e-07","7.17850718330923e-09","2.38212630222215e-07","1.30438019461245e-07","6.58665982265517e-09","2.38083543026277e-07","6.21475391363181e-09","2.23506231112749e-07","1.30177047329746e-07","1.2155939489639e-08","1.01068993673128e-11","1.95142803692648e-09","1.31484810030891e-10","1.18365741102669e-08","2.96455667539859e-07","1.74470580402805e-07","1.93305697520376e-09","1.34607893513359e-10","1.74850371430565e-08","0.000222894229771272","0.000240899729565854","0.000220780519084607","0.000177786339628985","0.000294331983906382","0.00017009359122299","0.000815109175110712","0.00385230662302164","0.0003007464709645","0.000273021851895773","0.000236038637345725","0.000356087487839292","0.000222694802401018","0.0011041461193876","0.00611752484820374","0.000296366731734194","0.00025360722905913","0.000381957141522189","0.000240688093778296","0.00153630918409592","0.00561271651065308","0.000234416572337366","0.000352269962770765","0.000220566218692416","0.0010805808436562","0.00557906934627172","0.0003096927852323","0.000177632941997582","0.000969452340597048","0.00385951338585721","0.000293966323521625","0.00175108314445124","0.00598636973402826","0.000815095451526067","0.00385432823939918","0.145506534008134","7.03921546595264e-09","6.46269136347588e-09","1.45410958942823e-10","9.69043676250101e-09","1.37306776834241e-10","7.82414247006082e-09","2.58527431114138e-09","7.03755244785279e-09","1.62808654816409e-10","1.03876309252029e-08","1.55163269253061e-10","8.23622283582742e-09","2.54553088913095e-09","1.4546321061011e-10","9.69651270462868e-09","1.36712542837992e-10","8.01638927575129e-09","2.55463045221422e-09","2.54994779929996e-10","1.18343380241653e-12","1.40752322529162e-10","1.88267918458035e-11","2.45729409982608e-10","1.04241429154309e-08","3.42980448984166e-09","1.18505029166063e-10","1.91294603759659e-11","4.61887252945898e-09","3.52780509943942e-08","7.28418563230311e-09","4.93492824238448e-08","7.03398405426941e-09","8.4648316465405e-08","1.49686910257356e-07","6.74863852966028e-09","4.56369498139793e-08","6.4573616269769e-09","7.54261162941138e-08","1.49919522323081e-07","9.93427167584372e-09","1.45326386314144e-10","1.08250551765851e-08","2.55605935095549e-09","9.68142276858172e-09","1.1164792394809e-07","1.81922211070383e-07","7.82402979513683e-09","2.58568940130948e-09","5.5664511224627e-07","7.29078668209542e-09","4.94672722027412e-08","7.03197131871679e-09","8.63519187973117e-08","1.45303149901369e-07","1.05871197521872e-08","1.62718850377432e-10","1.13044008775179e-08","2.52047214548097e-09","1.03782757175987e-08","1.24484701665945e-07","1.76420086189583e-07","8.23609793673715e-09","2.54595129415396e-09","5.71102776146171e-07","9.9450310681139e-09","1.45370981268583e-10","1.11521122139761e-08","2.53075771843634e-09","9.68700549217419e-09","1.13475426177548e-07","1.76376802011235e-07","8.01626278220455e-09","2.55505590634938e-09","5.81019393999962e-07","2.54820535733712e-10","1.42987348566405e-08","3.39967803203952e-09","1.40752239484555e-10","1.88301904463816e-11","4.46105322790271e-09","1.04236528858086e-08","3.43025758122233e-09","7.28891413115579e-07","4.61888050174134e-09","A"
"9","9","0","0.33564184849709","4.64260587448454e-12","3.06496883642448e-08","2.75075423819805e-08","2.67619986267816e-08","4.73563737094166e-12","6.12208179502639e-07","4.64681678018825e-12","1.3675906142974e-09","2.8886879906992e-11","0.00720318827016384","0.00854389728572372","0.00812387730211249","0.00795985523579149","0.00710218993850486","0.118348624766429","0.00720740250931561","0.0368016924332843","0.0272104524216303","1.09270968359901e-09","1.01552933234093e-09","1.00078081458372e-09","2.01846111003726e-12","1.47046932793329e-08","2.02085967197688e-12","3.08886605487875e-10","7.38350329260507e-12","1.35016660194723e-08","1.33126465867716e-08","1.05882511048114e-09","1.49194887815197e-07","1.0933842784331e-09","3.19075146768918e-08","4.43526181254755e-09","1.2574867325836e-08","9.82648249393123e-10","1.45480376139333e-07","1.01603258300118e-09","3.20156549971122e-08","3.78622562345389e-09","9.6742251285695e-10","1.45474955291456e-07","1.00131038852691e-09","3.09915592331503e-08","3.41388424323455e-09","1.38909242371725e-08","2.01937458593216e-12","3.10252745019059e-10","7.50739984000595e-12","1.47068442120912e-08","4.59406363948902e-07","2.38132469874163e-08","3.09068100152742e-10","7.3928281456033e-12","1.09668284804733e-09","0.000920492660789413","0.000884234681799608","0.000866777407966101","0.000699434601453077","0.00903461251629664","0.000692531055201458","0.0042690197792441","0.00244659662482628","0.00112688343435211","0.00110124019244853","0.000927138011559359","0.0114160764535443","0.000921083811312346","0.00581688407143785","0.00410043432422056","0.0010586657436396","0.000889727676088426","0.0107475206566939","0.000884699433666621","0.00607383695552734","0.00352645812953995","0.000872226198373638","0.0106706800517116","0.000867260187683314","0.00533221397626071","0.00321990197210886","0.00894741312896001","0.000699687755247831","0.00455556563406708","0.00244939919164037","0.00903605392949453","0.236795992448049","0.0169554485583022","0.00427982385968356","0.00245959134369566","0.06030834360554","1.08112267954374e-09","1.07241948341205e-09","5.75453312698665e-11","8.94199784625544e-09","5.83332570647456e-11","2.49382353296058e-09","1.76799273555125e-10","1.02435617990873e-09","5.32401328469069e-11","8.81782732665992e-09","5.4042768354556e-11","2.50087331609502e-09","1.54160509578336e-10","5.27773141664557e-11","8.82003110025184e-09","5.35837257538996e-11","2.46375729287773e-09","1.4189098213558e-10","6.4524427647548e-10","3.78671472216235e-13","4.74647462888988e-11","1.13931104017037e-12","6.57345070217563e-10","1.70509817079043e-08","9.53095459028481e-10","4.68569734970942e-11","1.11493223722431e-12","2.86808049053386e-10","3.12879803800068e-09","1.04591329736293e-09","2.47362022874751e-08","1.08168916436338e-09","1.05989597271411e-08","3.99329836009463e-09","1.03697056906985e-09","2.4756743384488e-08","1.07300034404674e-09","1.00085613219846e-08","3.78366595130588e-09","8.50925861609549e-09","5.75678724021467e-11","2.55596105078869e-09","1.79522543449621e-10","8.94356442155914e-09","2.51084274178604e-07","1.54109716326984e-08","2.49881815734776e-09","1.77044281639306e-10","2.417572733559e-08","9.89313382341378e-10","2.37648307965073e-08","1.02483903245304e-09","1.00890215931509e-08","3.41082413730897e-09","8.38553102701739e-09","5.325696736342e-11","2.5635192326793e-09","1.56871819863193e-10","8.8193029846469e-09","2.51816610833673e-07","1.4965383532178e-08","2.50587648826411e-09","1.5440015101535e-10","2.42348748781577e-08","8.38749080028918e-09","5.27949925335981e-11","2.52642360757794e-09","1.44604854326664e-10","8.82152074551831e-09","2.51159643857104e-07","1.4759472128271e-08","2.46876551600886e-09","1.42131424927148e-10","2.41773001274623e-08","6.45319263835007e-10","1.70980178205696e-08","9.44499401572394e-10","4.7519244469475e-11","1.14181650629833e-12","2.86881579404632e-10","1.7056014020239e-08","9.53397836813726e-10","3.94063842858616e-08","2.86865673730898e-10","A"
"10","10","0","0.764620693684719","1.2427948903183e-15","6.54677419350728e-11","7.1895074502804e-11","4.30339441985632e-11","1.26071679479491e-15","2.51288311434682e-10","1.21573973056682e-15","1.09875264569154e-11","4.92218345705709e-14","0.00174634475479972","0.00235102542975854","0.00263460145508056","0.00189030863170424","0.00176043595770089","0.0049962374403357","0.0017131571783798","0.0276013367650077","0.0600251016669164","4.8508235779986e-13","5.01705349624802e-13","3.67494663267504e-13","4.62787603222458e-16","1.35127056711938e-12","4.54390019808178e-16","1.91179730192118e-12","9.5704495471723e-15","3.1192704185546e-11","2.469107315219e-11","4.73496174202218e-13","6.89786151267842e-11","4.80673071498899e-13","2.26442311749191e-10","9.56204580639276e-12","2.59093676119176e-11","4.90241384615814e-13","7.06236854834153e-11","4.979021011954e-13","2.38719005423506e-10","9.05123765868234e-12","3.60661959281033e-13","6.3229249209073e-11","3.63776454189648e-13","2.27068488374185e-10","7.58100103388818e-12","1.30952505111935e-12","4.57781937256191e-16","1.90582693609542e-12","9.51082441578474e-15","1.34571748931012e-12","3.1156716249466e-10","1.75263497727269e-11","1.90946365252527e-12","9.56708501985579e-15","6.57476194048219e-12","5.38553320611816e-05","5.52817875214327e-05","4.69996120603698e-05","3.49800391400129e-05","8.30743517096902e-05","3.4799650941987e-05","0.000714048713102498","0.000590028697195985","8.87887037982292e-05","6.85013785935261e-05","5.31687374162869e-05","0.000131696264740258","5.31425502676655e-05","0.00129744620706938","0.00156805678141376","7.14745829662729e-05","5.46571315565202e-05","0.00013479725867758","5.46762384355395e-05","0.0022018170319169","0.00147077024392718","4.65353728993194e-05","0.000110034502717583","4.64423609186642e-05","0.000947468152335412","0.00115768137871139","8.18383522187696e-05","3.47116454889098e-05","0.000698001955057722","0.000588956304460378","8.24038381408086e-05","0.00500482288552085","0.00210840247172821","0.0006609203835618","0.000591035649418113","0.109639437243384","5.73819657369625e-13","5.02015298900832e-13","8.29726960556278e-15","1.02974158939745e-12","8.42258009417835e-15","3.25836257567749e-12","1.38422692369685e-13","5.016233270096e-13","8.23434491879856e-15","1.03539267037119e-12","8.35651382302847e-15","3.45164242725909e-12","1.31276635087119e-13","6.66461011244406e-15","9.49114337055752e-13","6.72544677941587e-15","3.36035207187443e-12","1.17686441689251e-13","1.80041016242767e-14","3.52508429622031e-17","4.16579975230976e-14","6.0399113602138e-16","1.84324361445109e-14","4.61903688071618e-12","2.2172930597735e-13","4.13876250761523e-14","6.16244557236041e-16","1.27437387616787e-12","6.27390690152849e-12","5.52321293478516e-13","1.19367932614567e-11","5.68622880582659e-13","5.93753251533584e-11","1.20532582001018e-11","4.83961028747315e-13","1.06732112295936e-11","4.96834951096932e-13","5.1175834464815e-11","1.10378097444371e-11","9.84643011717349e-13","8.24016627721309e-15","3.22770307654254e-12","1.35354712274164e-13","1.02300008053533e-12","1.04516121487863e-10","1.85278266624463e-11","3.17268334989335e-12","1.38659730389609e-13","1.7609234685322e-10","4.83684956605097e-13","1.08288402547955e-11","4.97024923953212e-13","5.97177759314293e-11","1.04294674124433e-11","9.90028130692301e-13","8.18313110570227e-15","3.41945009992754e-12","1.28558127590411e-13","1.02937093849416e-12","1.15409570125011e-10","1.78483141388834e-11","3.36327259878944e-12","1.31461236929706e-13","1.8229573256916e-10","9.07774612860743e-13","6.61304787139583e-15","3.33244220561725e-12","1.15386526743678e-13","9.43156527375857e-13","1.05663882368923e-10","1.654849670072e-11","3.26992401388376e-12","1.17862237923049e-13","1.85485434551773e-10","1.7936622531925e-14","4.57875350344219e-12","2.17768147707004e-13","4.10545355978584e-14","6.04224429874025e-16","1.26819543706776e-12","4.51530256944439e-12","2.22072520886583e-13","2.20401251887003e-10","1.2744859846131e-12","A"
